class,question
greet,hi
greet,good morning
greet,good evening
greet,hey there
greet,hi
greet,hie
greet,hi there
greet,hello there
greet,hey
greet,hey
greet,hi
greet,hello
greet,hi
greet,good morning
greet,good evening
greet,hey there
greet,hi
greet,hie
greet,hi there
greet,hello there
greet,greetings
greet,hi greetings
greet,hello greetings
notoinfo,i dont want to share
notoinfo,what wil you do with my age
notoinfo,why you need my age
notoinfo,why are you asking all this info
notoinfo,dont ask me any pesonal information
notoinfo,please dont ask me any pesonal data
notoinfo,i dont want to share my personal information
notoinfo,i dont want to share my phone number
notoinfo,why should i share my phone number
notoinfo,i usually dont share my phone number
notoinfo,i usually dont share my number but i am sharing now.
notoinfo,i dont want to share my place where i am living
notoinfo,why should i share my city name with you
notoinfo,"who are you, why should i tell you"
notoinfo,dont ask me any information i dont share with you
notoinfo,i dont want to share my phone number with you
notoinfo,i have never shared my phone number with anyone so far
notoinfo,i would like to keep it private
notoinfo,i said i am not interested to give
notoinfo,i told i am not interested to give
notoinfo,i already told that i dont want to give
notoinfo,i will not provide
notoinfo,i will not share with you
notoinfo,dont ask me any such information
notoinfo,who are you to ask ask me all this information
notoinfo,dont any me any information
notoinfo,i will not share any details
notoinfo,i dont give my email Id
notoinfo,i dont event give my email id too
notoinfo,i dont want to share any info
notoinfo,sorry i will not share my phone number
notoinfo,what will you do with my phone number
notoinfo,why you need my information
notoinfo,why you are asking all these data
notoinfo,i dont want to share my data
notoinfo,I use my phone very less
notoinfo,i dont want to share my place
notoinfo,i dont want to share my number
notoinfo,please dont ask me such questions
notoinfo,please dont ask me
notoinfo,"please dont ask me, i will not share"
notoinfo,"please dont ask me, i will not provide"
notoinfo,"please dont ask me, i am not interested to share"
notoinfo,i am not interested to share
notoinfo,i am not interested to share my phone number
notoinfo,i am not interested to share my address
notoinfo,i am not interested to share
notoinfo,i am not interested to share my phone number
notoinfo,i am not interested to share my address
notoinfo,i am not interested to share my location
notoinfo,i am not interested to share my city
notoinfo,i never share my city but i am sharing with you now
notoinfo,i never share my city but i am sharing with you now
notoinfo,i never share my city but i am sharing with you now
notoinfo,i never share my city but i am sharing with you now
notoinfo,i usually dont share
notoinfo,i said i am not interested
notoinfo,why dont you understand
notoinfo,no problem
notoinfo,no worries for me
notoinfo,not a issue
notoinfo,no worries
notoinfo,no problem
notoinfo,why are you asking again and again
notoinfo,please dont ask me such things
notoinfo,dont want
notoinfo,not interested
notoinfo,i am sorry i dont want to share my email said
notoinfo,i said i dont want to give my number
notoinfo,please understand i am not interested to tell you
notoinfo,i told i dont want to
notoinfo,dont want to give
notoinfo,i dont want to tell you
notoinfo,dont want share
notoinfo,dont have interested
notoinfo,why should i tell you
notoinfo,i dont believe you
notoinfo,i never believe you
notoinfo,i have already told my place where i am staying
alreadytold,i have already shared my name
alreadytold,i have already shared my age
alreadytold,i have already shared my place where i am staying
alreadytold,i have already shared my number
alreadytold,i have already told my name
alreadytold,i have already provided my age
alreadytold,i have already provided my number
alreadytold,i told you already
alreadytold,i have shared with you in the starting
alreadytold,i have told with you in the starting
alreadytold,i have already shared with you in the starting
alreadytold,i have told with you in the beginning
alreadytold,i have already shared my name
alreadytold,i have already shared my age
alreadytold,i have already shared my place where i am staying
alreadytold,i have already shared my number
alreadytold,i have already told my name
alreadytold,i have already provided my age
alreadytold,i have already provided my number
alreadytold,i told you already
alreadytold,i have shared with you in the starting
alreadytold,i have told with you in the starting
alreadytold,i have already shared with you in the starting
alreadytold,i have told with you in the beginning
thankyou,thanks!
thankyou,thank you
thankyou,thx
thankyou,thanks very much
thankyou,tqs
thankyou,sure thanks
thankyou,thats cool thanks
thankyou,thank you so much
thankyou,thanks a lot
thankyou,ok thanks
thankyou,okay thanks
thankyou,sure thanks
thankyou,thanks!
thankyou,thank you
thankyou,thx
thankyou,thanks very much
thankyou,tqs
thankyou,sure thanks
thankyou,thats cool thanks
thankyou,thank you so much
thankyou,thanks a lot
thankyou,ok thanks
thankyou,okay thanks
thankyou,sure thanks
howareyou,hi how are you
howareyou,hello how are you
howareyou,how do you do
howareyou,how are you doing
howareyou,how are you
howareyou,hi how are you
howareyou,hello how are you
howareyou,how do you do
howareyou,how are you doing
howareyou,how are you
howareyou,hi how are you
howareyou,hello how are you
howareyou,how do you do
howareyou,how are you doing
howareyou,how are you
